{
    "display": {
        "title": {
            "text": "Advancement"
        },
        "description": {
            "text": "Description"
        },
        "icon": {
            "item": "minecraft:stone"
        },
        "frame": "task",
        "show_toast": true,
        "announce_to_chat": true,
        "hidden": false,
        "background": "minecraft:textures/gui/advancements/backgrounds/stone.png"
    },
    "criteria": {
        "This is a test": {
            "trigger": "minecraft:tick"
        }
    },
    "requirements": [
        [
            "This is a test"
        ]
    ],
    "rewards": {
        "function": "oddities:test"
    }
}