{
    "__comment": "Made with TheDestruc7i0n's advancements generator: https://advancements.thedestruc7i0n.ca",
    "display": {
        "title": {
            "text": "Advancement"
        },
        "description": {
            "text": "Description"
        },
        "icon": {
            "item": "minecraft:stone"
        },
        "frame": "task",
        "show_toast": true,
        "announce_to_chat": true,
        "hidden": false
    },
    "criteria": {
        "This is also a Test": {
            "trigger": "minecraft:impossible"
        }
    },
    "requirements": [
        [
            "This is also a Test"
        ]
    ],
    "rewards": {
        "function": "oddities:test"
    },
    "parent": "oddities:root"
}